CREATE TABLE Companies (
  code varchar(20) NOT NULL,
  name varchar(50) NOT NULL,
  attendant varchar(50) NOT NULL,
  phone varchar(20) NOT NULL,
  address varchar(50) NOT NULL,
  city varchar(50) NOT NULL,
  region varchar(50) DEFAULT NULL,
  country varchar(50) DEFAULT NULL,
  saleDays varchar(50) NULL,
  schedule varchar(25) NULL,
  amountOfCalls int DEFAULT NULL,
  acumulated double DEFAULT NULL,
  PRIMARY KEY (code)
);

INSERT INTO Companies VALUES 
(10869, 'Santa Clara', 'Andres Herrera', '(574) 8443221', 'CR 30 # 29-31', 'Salgar', 'Antioquia', 'Colombia', 'Lunes', 'Mañana', NULL, NULL),
(18352, 'Drog. Metrodescuentos', 'Nelson', '(574) 2628472', 'Cr 51 # 41-148', 'Medellín', 'Antioquia', 'Colombia', 'Miercoles', 'Mañana', NULL, 4920375),
(22227, 'Drog.pharmakon gp', 'Gonzalo', '(574) 8538600', 'Cr 22 # 20-69', 'Yarumal', 'Antioquia', 'Colombia', 'Martes', 'Mañana', NULL, 5643185),
(23605, 'Drog. Santa Isabel', 'Alejandra', '(574) 2632453', 'Cr 45 # 80-79', 'Medellín', 'Antioquia', 'Colombia', 'Martes,  Viernes', 'Tarde', NULL, 8761305),
(27900, 'Drogueria la 10', 'Luis', '(577) 5623335', 'Cl 10 # 14-81', 'Ocaña', 'Norte Santander', 'Colombia', 'Viernes', 'Mañana', NULL, 10505394);

CREATE TABLE Patients (
  idType char(5) NOT NULL,
  id varchar(20) NOT NULL,
  name varchar(50) NOT NULL,
  phone varchar(15) DEFAULT NULL, 
  address varchar(60) DEFAULT NULL,
  interest varchar(50) NOT NULL,
  mobileNumber varchar(20) DEFAULT NULL,
  PRIMARY KEY (idType, id)
);

INSERT INTO Patients VALUES 
('C.C',45014,'CRUZ ELIAS SANTACRUZ','5582852',NULL,'FREEGEN PREPACK ',NULL),
('C.C',220280,'LUCILA MENDEZ','2331928',NULL,'FREEGEN PREPACK ',NULL),
('C.C',455910,'ANGEL FRANCISCO SEGARRA CANDELO','3105368978',NULL,'FREEGEN PREPACK ',NULL),
('C.C',536037,'JUAN FERNANDEZ','6006644',NULL,'FREEGEN PREPACK ',NULL),
('C.C',751418,'ARGMIRO GIRALDO','6102766',NULL,'FREEGEN PREPACK ',NULL),
('C.C',1122336,'ALVARO MOLANO','3113704',NULL,'FREEGEN PREPACK ',NULL),
('C.C',1175041,'(Sr)ESPIRITU SANTO RUIZ MOSQUERA','4914048',NULL,'FREEGEN PREPACK ',NULL),
('C.C',2141454,'WILMAR RUIZ','2141454',NULL,'FREEGEN PREPACK ',NULL),
('C.C',2509187,'AMANDA COLORADO DE ZAPATA','2509187',NULL,'HIALTEARS ',NULL),
('C.C',2711823,'LUIS EDUARDO PELAEZ','3762432',NULL,'FREEGEN PREPACK ',NULL),
('C.C',2833533,'GILBERTO GONZALEZ','2880623',NULL,'FREEGEN PREPACK ',NULL),
('C.C',3313716,'JOSE JOAQUIN ECHEVERRY','4130329',NULL,'FREEGEN PREPACK ',NULL),
('C.C',3319811,'ALBERTO TABORDA','3678824',NULL,'FREEGEN PREPACK ',NULL),
('C.C',3360817,'ALVEIRO DE JESUS ALVAREZ','3026214',NULL,'FREEGEN PREPACK ',NULL),
('C.C',3399661,'MAURICIO USUGA','3146948386',NULL,'FREEGEN PREPACK ',NULL),
('C.C',3461169,'ENOC ARANGO','6004513',NULL,'FREEGEN PREPACK ',NULL),
('C.C',3464605,'RAMIRO JIMENEZ','2362785',NULL,'FREEGEN PREPACK ',NULL),
('C.C',3537565,'GUSTAVO DE JESUS LOPEZ','5852173',NULL,'FREEGEN PREPACK ',NULL),
('C.C',3576176,'FLORO RAMIREZ','5115981',NULL,'FREEGEN PREPACK ',NULL),
('C.C',3584604,'SIGIFREDO JARAMILLO','4217352',NULL,'FREEGEN PREPACK ',NULL),
('C.C',3606237,'FCO JAIRO RAMIREZ','5673706',NULL,'FREEGEN PREPACK ',NULL),
('C.C',3644208,'DARIO HERRERA','4128350',NULL,'FREEGEN PREPACK ',NULL),
('C.C',3652511,'JUAN FERNANDO GALLEGO MARTINEZ','3855682',NULL,'FREEGEN PREPACK ',NULL),
('C.C',3707886,'EFRAIN GARCIA','5881958',NULL,'FREEGEN PREPACK ',NULL),
('C.C',3725690,'GLORIA PIZA','2649773',NULL,'FREEGEN PREPACK ',NULL),
('C.C',3835652,'ABEL ORTEGA','2767720',NULL,'FREEGEN PREPACK ',NULL),
('C.C',4346227,'GUSTAVO MOLINA','3146444964',NULL,'FREEGEN PREPACK ',NULL),
('C.C',4852190,'MILTON MENA','3115018360',NULL,'FREEGEN PREPACK ',NULL),
('C.C',6081161,'ANTONIO ROMERO LEON','3346343',NULL,'FREEGEN PREPACK ',NULL),
('C.C',6788526,'FRANCISCO JOSE ARGAES','3012884656',NULL,'FREEGEN PREPACK ',NULL),
('C.C',6789276,'GILDARDO PAREJA','3136609805',NULL,'FREEGEN PREPACK ',NULL),
('C.C',7547914,'CARLOS ARTURO TIQUET','3326006',NULL,'FREEGEN PREPACK ',NULL),
('C.C',8012412,'FERNANDO RIOS','3526045',NULL,'FREEGEN PREPACK ',NULL),
('C.C',8026766,'DIDIER ARISTIZABAL','2354600',NULL,'FREEGEN PREPACK ',NULL),
('C.C',8036181,'ALFREDO ALBARADO PATERMINA','3146435939',NULL,'FREEGEN PREPACK ',NULL),
('C.C',8057235,'MIGUEL MEDINA MENDEZ','5229788',NULL,'FREEGEN PREPACK ',NULL),
('C.C',8063713,'MAURICIO IBARRA','3136135056',NULL,'FREEGEN PREPACK ',NULL),
('C.C',8103540,'SALOME PALACIOS','2118117',NULL,'FREEGEN PREPACK ',NULL),
('C.C',8231888,'RODRIGO GIRALDO','3132728',NULL,'FREEGEN PREPACK ',NULL),
('C.C',8231949,'JAIME VELEZ','2680319',NULL,'FREEGEN PREPACK ',NULL),
('C.C',8239215,'GILBERTO CATAÑO','2731207',NULL,'FREEGEN PREPACK ',NULL),
('C.C',8241398,'ALVARO JIMENEZ','6066276',NULL,'FREEGEN PREPACK ',NULL),
('C.C',8250056,'JAIME GIRALDO ARROYAVE','4894000',NULL,'FREEGEN PREPACK ',NULL),
('C.C',8253322,'ELADIO JAIME VALENCIA MONTOYA','2541718',NULL,'FREEGEN PREPACK ',NULL),
('C.C',8281123,'RAMIRO ALVAREZ','3322814',NULL,'FREEGEN PREPACK ',NULL),
('C.C',8283615,'LAUREANO MONSALVE','3116162540',NULL,'FREEGEN PREPACK ',NULL),
('C.C',8286079,'DARIO ARROYAVE','4460405',NULL,'FREEGEN PREPACK ',NULL),
('C.C',8290235,'JORGE ORLANDO GIRALDO','4898860',NULL,'FREEGEN PREPACK ',NULL),
('C.C',8301371,'ALBERTO CARMONA MORA','5826099',NULL,'FREEGEN PREPACK ',NULL),
('C.C',8306368,'FERNANDO YEPEZ','2568595',NULL,'FREEGEN PREPACK ',NULL),
('C.C',8309585,'RODRIGO DE JESUS MARTINEZ','5860305',NULL,'FREEGEN PREPACK ',NULL),
('C.C',8310316,'ANTONIO RESTREPO','5824175',NULL,'FREEGEN PREPACK ',NULL),
('C.C',8345531,'OSCAR JARAMILLO','3533040',NULL,'FREEGEN PREPACK ',NULL)
,('C.C',8354841,'LUIS ALFREDO RESTREPO','4223307',NULL,'FREEGEN PREPACK ',NULL),
('C.C',8394736,'SIMON GIRALDO','2644559',NULL,'FREEGEN PREPACK ',NULL),
('C.C',8395674,'JOSE ABELARDO TORRES VELASQUEZ','5142971',NULL,'FREEGEN PREPACK ',NULL),
('C.C',8396076,'JORGE IVAN JIMENEZ LOPEZ','5398177',NULL,'FREEGEN PREPACK ',NULL),
('C.C',8397937,'IVAN OSORIO','4485090 EXT 106',NULL,'FREEGEN -OLODINA ',NULL),
('C.C',8406344,'RAFAEL MUÑOZ','5076404',NULL,'FREEGEN PREPACK ',NULL),
('C.C',8412997,'CARLOS ECHAVARRIA','3130137',NULL,'FREEGEN PREPACK ',NULL),
('C.C',8415953,'JUAN CAMILO ZAPATA','2645973',NULL,'FREEGEN PREPACK ',NULL),
('C.C',8670366,'GABRIEL GONZALEZ','311645991',NULL,'FREEGEN PREPACK ',NULL),
('C.C',9857373,'ALOSNSO JIMENEZ','2500014',NULL,'FREEGEN PREPACK ',NULL),
('C.C',10531063,'HERNAN LOZANO','3140383',NULL,'FREEGEN PREPACK ',NULL),
('C.C',10778407,'IVAN DARIO TORRES','2273402',NULL,'FREEGEN PREPACK ',NULL),
('C.C',10877421,'EDISON PASTRANA','3207378668',NULL,'FREEGEN PREPACK ',NULL),
('C.C',11795206,'CARLOS MARIO ZAPATA','3202452878',NULL,'FREEGEN PREPACK ',NULL),
('C.C',13810150,'ALFONSO TORO','3116055908',NULL,'FREEGEN PREPACK ',NULL),
('C.C',15259779,'ALVARO OSSA RODRIGUEZ','3264646',NULL,'FREEGEN PREPACK ',NULL),
('C.C',15324893,'JAIRO LOPEZ CARDENAS','3146833983',NULL,'FREEGEN-OLODINA ',NULL),
('C.C',15325454,'RODRIGO VALENCIA','3137453482',NULL,'FREEGEN PREPACK ',NULL),
('C.C',15339673,'REINALDO VILLADA','4118615',NULL,'FREEGEN PREPACK ',NULL),
('C.C',15367361,'EMILIO SANCHEZ','6007789',NULL,'FREEGEN PREPACK ',NULL),
('C.C',15376736,'JAIRO JARAMILLO CORREA','3660748',NULL,'FREEGEN PREPACK ',NULL),
('C.C',15427780,'GILDARDO RENDON','3016207127',NULL,'FREEGEN PREPACK ',NULL),
('C.C',15427959,'HARVIN SOLARTE PADILLA','2625867',NULL,'FREEGEN PREPACK ',NULL),
('C.C',15501095,'JESUS HORACIO JIMENEZ SIERRA','4811643',NULL,'FREEGEN PREPACK ',NULL),
('C.C',15501909,'JORGE ADOLFO ESCOBAR','5788151',NULL,'FREEGEN PREPACK ',NULL),
('C.C',15529515,'ALBEIRO SEPULVEDA','5067432',NULL,'FREEGEN PREPACK ',NULL),
('C.C',15916530,'HECTOR JAIME OSPINA','2782211',NULL,'FREEGEN PREPACK ',NULL),
('C.C',15918690,'GUSTAVO GUTIEREZ','3113091711',NULL,'FREEGEN PREPACK ',NULL),
('C.C',16472126,'MANUEL HERNANDO SALAZAR','4487269',NULL,'FREEGEN PREPACK ',NULL),
('C.C',18496103,'IVAN SALAZAR','3172777289',NULL,'FREEGEN PREPACK ',NULL),
('C.C',20140521,'MATILDE ARCILA','3512847',NULL,'FREEGEN PREPACK ',NULL),
('C.C',20288893,'SILVIA IRENE MONTOYA ','2388260',NULL,'FREEGEN PREPACK ',NULL),
('C.C',21258022,'LUCILA GONZALEZ','4131563',NULL,'FREEGEN PREPACK ',NULL)
,('C.C',21266197,'AMPARO DE JESUS TORRES','4139960',NULL,'FREEGEN PREPACK ',NULL),
('C.C',21271889,'BERTA SANCHEZ DE SALINAS','5804795',NULL,'FREEGEN PREPACK ',NULL),
('C.C',21275830,'MARIA ELVIA POSADA','3132703',NULL,'FREEGEN PREPACK ',NULL),
('C.C',21278311,'BERTHA BETANCURT','4118204',NULL,'FREEGEN PREPACK ',NULL),
('C.C',21289889,'JOSEFINA ALVAREZ DE MURIEL','5567532',NULL,'FREEGEN PREPACK ',NULL),
('C.C',21301071,'MARIA GABRIELA VELEZ LOPEZ','2503348',NULL,'FREEGEN PREPACK ',NULL),
('C.C',21305175,'MARINA MEJIA DE LA CRUZ','2541339',NULL,'FREEGEN PREPACK ',NULL),
('C.C',21305271,'DORA BOTERO DUQUE','2502412',NULL,'FREEGEN PREPACK ',NULL),
('C.C',21317634,'NORA GOMEZ','4185619',NULL,'FREEGEN PREPACK ',NULL),
('C.C',21327969,'ANA BERTA ARENAS DE JURADO','2119909',NULL,'FREEGEN PREPACK ',NULL),
('C.C',21331420,'BERTILDA RUIZ','2563944',NULL,'FREEGEN PREPACK ',NULL),
('C.C',21340046,'ANA  ELCY MORALES','2358543',NULL,'FREEGEN PREPACK ',NULL),
('C.C',21342189,'MARTHA CORREA','3119522',NULL,'FREEGEN PREPACK ',NULL),
('C.C',21342309,'RESFA OLIVA ALVAREZ','2572888',NULL,'FREEGEN PREPACK ',NULL),
('C.C',21342468,'ZOE PEREZ','5826068',NULL,'FREEGEN PREPACK ',NULL),
('C.C',21347016,'BEATRIZ MOLINA','2682763',NULL,'FREEGEN PREPACK ',NULL)
,('C.C',21354613,'MARTHA RAMIREZ','4126331',NULL,'FREEGEN PREPACK ',NULL),
('C.C',21356073,'TERESA AGUDELO','2591527',NULL,'FREEGEN PREPACK ',NULL),
('C.C',21358531,'OLGA LUCIA OROZCO','2581675',NULL,'FREEGEN PREPACK ',NULL)
,('C.C',21367067,'ANA SOFIA TORO','2682711',NULL,'FREEGEN PREPACK ',NULL),
('C.C',21368301,'SARA EMILIA USME','2212245',NULL,'FREEGEN PREPACK ',NULL),
('C.C',21370528,'AMPARO ROLDAN','3335873',NULL,'FREEGEN PREPACK ',NULL)
,('C.C',21373609,'GILMA MEJIA','2653043',NULL,'FREEGEN PREPACK ',NULL),
('C.C',21392302,'PAULINA JARAMILLO','4118943',NULL,'FREEGEN PREPACK ',NULL),
('C.C',21394409,'ELENA SUAREZ','3892223',NULL,'FREEGEN PREPACK ',NULL)
,('C.C',21399576,'MARIA CONSUELO ARISTIZABAL','4122887',NULL,'FREEGEN PREPACK ',NULL),
('C.C',21424982,'ELIANA RIVERA','3755282',NULL,'FREEGEN PREPACK ',NULL),
('C.C',21431953,'SANDRA YANETH VERGARA','3116249526',NULL,'FREEGEN PREPACK ',NULL),
('C.C',21433442,'OFELIA BETANCUR','3217240670',NULL,'FREEGEN PREPACK ',NULL),
('C.C',21444507,'MARTA DE JESUS ESTRADA','3024741',NULL,'FREEGEN PREPACK ',NULL),
('C.C',21457681,'CONSUELO BERMUDEZ RESTREPO','2354179',NULL,'FREEGEN PREPACK ',NULL),
('C.C',21462870,'LUZ MARINA PEREZ','2219104',NULL,'FREEGEN PREPACK ',NULL)
,('C.C',21463491,'ANA CECILIA BOLIVAR','2784803',NULL,'FREEGEN PREPACK ',NULL),
('C.C',21463591,'AMPARO HENAO','2110192',NULL,'FREEGEN PREPACK ',NULL),
('C.C',21466444,'MARIA EUGENIA PIEDRAHITA','2986972',NULL,'FREEGEN-OLODINA ',NULL),
('C.C',21468458,'ADRIANA OSORIO','2721503',NULL,'FREEGEN PREPACK ',NULL),
('C.C',21499101,'BLANCA RODRIGUEZ','2944232',NULL,'FREEGEN PREPACK ',NULL),
('C.C',21502956,'AMANDA HOLGUIN','5062385',NULL,'FREEGEN PREPACK ',NULL),
('C.C',21513010,'MARIA SOLEDAD ESTRADA','6055831',NULL,'FREEGEN PREPACK ',NULL),
('C.C',21515038,'GLADIS ROMERO','5970232',NULL,'FREEGEN PREPACK ',NULL),
('C.C',21520300,'MARIA ELBA OSORNO','2305635',NULL,'FREEGEN PREPACK ',NULL),
('C.C',21523533,'ROSA ANGELICA RESTREPO','6015486',NULL,'FREEGEN PREPACK ',NULL),
('C.C',21532799,'GLORIA MARIA VANEGAS','6018036',NULL,'FREEGEN PREPACK ',NULL),
('C.C',21545936,'BERNARDA ZAPATA VALENCIA','6131560',NULL,'FREEGEN PREPACK ',NULL),
('C.C',21546136,'MARTHA SIERRA','2333581',NULL,'FREEGEN PREPACK ',NULL)
,('C.C',21552861,'LUZ MARINA GUZMAN','3148646446',NULL,'FREEGEN PREPACK ',NULL),
('C.C',21556700,'MARTHA ISABEL RUIZ','3105491780',NULL,'FREEGEN PREPACK ',NULL),
('C.C',21558196,'MARIA ISABEL MONTOYA','3005460672',NULL,'FREEGEN PREPACK ',NULL),
('C.C',21558813,'MARIA PINO','2998488',NULL,'FREEGEN PREPACK ',NULL),
('C.C',21598773,'MARIA LUCILA ESCOBAR','2525324',NULL,'FREEGEN PREPACK ',NULL),
('C.C',21600389,'ANA OLGA SANCHEZ','2884898',NULL,'FREEGEN PREPACK ',NULL),
('C.C',21603849,'JHON DUQUE','3127557346',NULL,'FREEGEN PREPACK ',NULL),
('C.C',21608295,'ANA DE DIOS HOYOS','4926098',NULL,'FREEGEN PREPACK ',NULL),
('C.C',21608820,'ANA LEONELA OSPINA','2521023',NULL,'FREEGEN PREPACK ',NULL),
('C.C',21610214,'GABRIELA TORO GRACIANO','4420728',NULL,'FREEGEN PREPACK ',NULL),
('C.C',21651419,'HILDA CASTRILLON','8632080',NULL,'FREEGEN PREPACK ',NULL),
('C.C',21660336,'LIDA GOMEZ','3161598',NULL,'FREEGEN PREPACK ',NULL),
('C.C',21683073,'MARIA  AMPARO PUERTA','5977745',NULL,'FREEGEN PREPACK ',NULL),
('C.C',21689370,'JULIA CALDERON','2676332',NULL,'FREEGEN PREPACK ',NULL),
('C.C',21729321,'ADRIANA MONTOYA','2991704',NULL,'FREEGEN PREPACK ',NULL),
('C.C',21762114,'FRANCISCA HERNANDEZ','4121568',NULL,'FREEGEN PREPACK ',NULL),
('C.C',21796364,'MARIA LONDOÑO','3012729731',NULL,'FREEGEN PREPACK ',NULL),
('C.C',21798999,'ANA RITA OSSA','2775278',NULL,'FREEGEN PREPACK ',NULL),
('C.C',21804344,'ANA MONTOYA','5989446',NULL,'FREEGEN PREPACK ',NULL),
('C.C',21817654,'MERCEDES ROSA JARAMILLO','3206384625',NULL,'FREEGEN PREPACK ',NULL),
('C.C',21821805,'MARGARITA VALENCIA','4166510',NULL,'FREEGEN PREPACK ',NULL),
('C.C',21828476,'MARIA DEL CARMEN PALACIO','5580300',NULL,'FREEGEN PREPACK ',NULL),
('C.C',21830330,'MARIA NOHELIA ORTIZ','3740105',NULL,'FREEGEN PREPACK ',NULL),
('C.C',21851903,'ANA RUTH GARCIA PAJON','3137776227',NULL,'FREEGEN PREPACK ',NULL),
('C.C',21852024,'ADIELA ROCIO MAYA','5079472',NULL,'FREEGEN PREPACK ',NULL),
('C.C',21852554,'MARGARITA ZAPATA','5126929',NULL,'FREEGEN PREPACK ',NULL),
('C.C',21862553,'MARIA PEREZ','5139349',NULL,'FREEGEN PREPACK ',NULL),
('C.C',21876245,'MARTHA LOPEZ','2565705',NULL,'FREEGEN PREPACK ',NULL)
,('C.C',21877430,'LUZ MERY RIVERA','3010332',NULL,'FREEGEN PREPACK ',NULL),
('C.C',21892676,'MARIA RUFINA ARCILA DE CARDONA','3734663',NULL,'FREEGEN PREPACK ',NULL),
('C.C',21907304,'MARIELA GALEANO DE MONTOYA','2949553',NULL,'FREEGEN PREPACK ',NULL),
('C.C',21929751,'MARIA VITALINA HENAO','5850468',NULL,'FREEGEN PREPACK ',NULL),
('C.C',21944326,'ROSA ANGELICA CASTRILLON','4426965',NULL,'FREEGEN PREPACK ',NULL),
('C.C',21959343,'ROSA CIFUENTES','6150037',NULL,'FREEGEN PREPACK ',NULL),
('C.C',21959598,'ELVIA RAMIREZ','3017891552',NULL,'FREEGEN PREPACK ',NULL)
,('C.C',21968344,'GILMA CHAVARRIA ZAPATA','2818142',NULL,'FREEGEN PREPACK ',NULL),
('C.C',21998325,'MARIA ADELFA DAZA','5831787',NULL,'FREEGEN PREPACK ',NULL),
('C.C',21998486,'FLOR MARIA CARDONA','3168938739',NULL,'FREEGEN PREPACK ',NULL),
('C.C',22001347,'LUZ DARY GOMEZ','4875037',NULL,'FREEGEN PREPACK ',NULL),
('C.C',22007161,'AURA ARIAS DE DUQUE','5708066',NULL,'FREEGEN PREPACK ',NULL),
('C.C',22008496,'GLORIA  AMPARO ALZATE','3507614387',NULL,'FREEGEN PREPACK ',NULL),
('C.C',22013510,'ESTELLA TABARES','3128792546',NULL,'FREEGEN PREPACK ',NULL),
('C.C',22021534,'GILMA CASTRO DE VERGARGA','2319432',NULL,'FREEGEN PREPACK ',NULL),
('C.C',22022735,'FRANCISCA MONTOYA MOLINA','3280459',NULL,'FREEGEN PREPACK ',NULL),
('C.C',22023114,'AMPARO MONSALVE','5031363',NULL,'FREEGEN PREPACK ',NULL),
('C.C',22027430,'AMANDA ZULETA','4987359',NULL,'FREEGEN PREPACK ',NULL),
('C.C',22040023,'MARIA ELOINA SERNA','6033233',NULL,'FREEGEN PREPACK ',NULL),
('C.C',22055786,'BIGLENIZA PEREZ','5864414',NULL,'FREEGEN PREPACK ',NULL),
('C.C',22105820,'ISABEL CRISTINA GOEZ','2348541',NULL,'FREEGEN PREPACK ',NULL),
('C.C',22113513,'ANA LUCIA URIBE DE FLOREZ','3426198',NULL,'FREEGEN PREPACK ',NULL),
('C.C',22127655,'LAURA CECILIA CARDENAS','4742167',NULL,'FREEGEN PREPACK ',NULL),
('C.C',22129127,'MARTHA MARTINEZ','5874852',NULL,'FREEGEN PREPACK ',NULL),
('C.C',22130497,'MARIA HERMINIA HINCAPIE','2643288',NULL,'FREEGEN PREPACK ',NULL),
('C.C',22147250,'MARTHA OFELIA SUAREZ MAZO','3005960961',NULL,'FREEGEN PREPACK ',NULL),
('C.C',22159605,'BELEN LOPEZ','4373768',NULL,'FREEGEN PREPACK ',NULL)
,('C.C',22172165,'MARIA DEL ROSARIO CORREA','2811637',NULL,'FREEGEN PREPACK ',NULL),
('C.C',22172792,'SONIA YARZE','2500799',NULL,'FREEGEN PREPACK ',NULL),
('C.C',22172888,'MARIA CECILIA VELEZ','3288167',NULL,'FREEGEN PREPACK ',NULL),
('C.C',22200444,'MARIA CECILIA RUIZ CANO','2557482',NULL,'FREEGEN PREPACK ',NULL),
('C.C',22201709,'MAGNOLIA DE JESUS RUIZ','5707097',NULL,'FREEGEN PREPACK ',NULL),
('C.C',22219748,'FLOR MARIA ZAPATA','5882767',NULL,'FREEGEN PREPACK ',NULL),
('C.C',22227653,'AMPARO CANO','3128882969',NULL,'FREEGEN PREPACK ',NULL),
('C.C',23160797,'JOSEFINA MESA GARCIA','2505320',NULL,'FREEGEN PREPACK ',NULL),
('C.C',24295743,'ALEIDA MEJIA','2651516',NULL,'FREEGEN PREPACK ',NULL),
('C.C',24434379,'AMPARO CASTAÑO','5831148',NULL,'FREEGEN PREPACK ',NULL),
('C.C',24685565,'LUZ MARINA RESTREPO ARBOLEDA','3775124',NULL,'FREEGEN PREPACK ',NULL),
('C.C',24901866,'MARIA  AMPARO QUICENO','6000999',NULL,'FREEGEN PREPACK ',NULL),
('C.C',25022662,'ALBA LIGIA MURILLO','5285096',NULL,'FREEGEN PREPACK ',NULL),
('C.C',25078109,'LUZ MARIA JARAMILLO','2141999',NULL,'FREEGEN PREPACK ',NULL),
('C.C',25807957,'ALBA VERGARA','3116212982',NULL,'FREEGEN PREPACK ',NULL),
('C.C',26013684,'NASTY LLORENTE','3071257',NULL,'FREEGEN PREPACK ',NULL)
,('C.C',26257726,'ANA TARCILA RENTERIA','5855237',NULL,'FREEGEN PREPACK ',NULL),
('C.C',26390953,'MARIAMEREY AGUALIMPIA','4167089',NULL,'FREEGEN PREPACK ',NULL),
('C.C',27761434,'ALCIRA CLARO','5704095',NULL,'FREEGEN PREPACK ',NULL),
('C.C',28734694,'AMANDA OSPINA','3433926',NULL,'FREEGEN PREPACK ',NULL),
('C.C',29327560,'CARMEN AMPARO GOMEZ','2649199',NULL,'FREEGEN PREPACK ',NULL),
('C.C',30282861,'MARIA ALEIDA JARAMILLO','5036162',NULL,'FREEGEN PREPACK ',NULL),
('C.C',30771531,'ALBA SOTO','5095579',NULL,'FREEGEN PREPACK ',NULL),
('C.C',32015244,'DIOSELINA TORREZ','4511987',NULL,'FREEGEN PREPACK ',NULL),
('C.C',32015544,'ORTENCIA SANCHEZ','2988166',NULL,'FREEGEN PREPACK ',NULL),
('C.C',32044048,'FLOR DIAZ','3795693',NULL,'FREEGEN PREPACK ',NULL),
('C.C',32079107,'ALCIRA OVIEDO','2657612',NULL,'FREEGEN PREPACK ',NULL),
('C.C',32100194,'MARIA GLORIA CARO','2676723',NULL,'FREEGEN PREPACK ',NULL)
,('C.C',32102297,'ORFANDINA CARVAJAL','2368524',NULL,'FREEGEN PREPACK ',NULL),
('C.C',32105452,'EDIT DEL SOCORRO CARVAJAL','4911515',NULL,'FREEGEN PREPACK ',NULL),
('C.C',32108417,'CATALINA JARAMILLO','3148889739',NULL,'FREEGEN PREPACK ',NULL),
('C.C',32181781,'ANDREA LOPEZ','2399088',NULL,'FREEGEN PREPACK ',NULL),
('C.C',32182899,'NATALIA CORREA','5886959',NULL,'FREEGEN PREPACK ',NULL),
('C.C',32183992,'MARIA ELENA ARBELAEZ','5062196',NULL,'FREEGEN PREPACK ',NULL),
('C.C',32205235,'LUZ MARIA CLAVIJO','2112924',NULL,'FREEGEN PREPACK ',NULL),
('C.C',32206289,'ELIANA ORTIZ','2522576',NULL,'FREEGEN PREPACK ',NULL),
('C.C',32227804,'PAULA ANDREA RESTREPO','5083423',NULL,'FREEGEN PREPACK ',NULL),
('C.C',32240905,'YAKELINE SANCHEZ','2916918',NULL,'FREEGEN PREPACK ',NULL),
('C.C',32299361,'NATALIA AMERINO','5619453',NULL,'FREEGEN PREPACK ',NULL),
('C.C',32304707,'BEATRIZ GONZALEZ','6140709',NULL,'FREEGEN PREPACK ',NULL),
('C.C',32305629,'MARIA  LILIA JARAMILLO','5972412',NULL,'FREEGEN PREPACK ',NULL)
,('C.C',32306176,'ROSA SANCHEZ','4666353',NULL,'FREEGEN PREPACK ',NULL),
('C.C',32310001,'BEATRIZ ISABEL LOPERA','4425184',NULL,'FREEGEN PREPACK ',NULL),
('C.C',32310007,'NAZARETH AGUDELO HENAO','2562475',NULL,'FREEGEN PREPACK ',NULL),
('C.C',32311195,'MARGARITA GIRALDO','5963144',NULL,'FREEGEN PREPACK ',NULL),
('C.C',32318641,'ALBA MERY ARBELAEZ QUINTERO','5964125',NULL,'FREEGEN PREPACK ',NULL),
('C.C',32318986,'ANA CARTAGENA','6034676',NULL,'FREEGEN PREPACK ',NULL),
('C.C',32321113,'BEATRIZ ELENA FERNANDEZ CARDONA','2358862',NULL,'FREEGEN PREPACK ',NULL),
('C.C',32321123,'MARGARITA GALLEGO','3024623918',NULL,'FREEGEN PREPACK ',NULL),
('C.C',32322811,'CLAUDIA ALCARAS','2810741',NULL,'FREEGEN PREPACK ',NULL),
('C.C',32327172,'INES GAVIRIA','4224716',NULL,'FREEGEN PREPACK ',NULL)
,('C.C',32328327,'LUZ ELENA SIERRA','2889204',NULL,'FREEGEN PREPACK ',NULL),
('C.C',32334553,'AMPARO DEL CONSUELO MEJIA','5163290',NULL,'FREEGEN PREPACK ',NULL),
('C.C',32335888,'ELVIA SANTA','4440588',NULL,'FREEGEN PREPACK ',NULL),
('C.C',32336050,'HILDA BETANCUR','3004485580',NULL,'FREEGEN PREPACK ',NULL),
('C.C',32340255,'ANGELA LUZ LOPEZ','5979130',NULL,'FREEGEN PREPACK ',NULL),
('C.C',32340304,'BEATRIZ VILLA PIEDRAHITA','3336359',NULL,'FREEGEN PREPACK ',NULL),
('C.C',32399659,'MARIA VISITACION DAVID VARELA','2371799',NULL,'FREEGEN PREPACK ',NULL),
('C.C',32402431,'AMPARO MONTES','5885611',NULL,'FREEGEN PREPACK ',NULL),
('C.C',32404100,'BLANCA LIVIA LOPEZ','2114326-',NULL,'FREEGEN PREPACK ',NULL),
('C.C',32404874,'ANATOLIA FERRARO','4615572',NULL,'FREEGEN PREPACK ',NULL),
('C.C',32405560,'MARIA DEL SOCORRO JARAMILLO OCHOA','2853247',NULL,'FREEGEN PREPACK ',NULL),
('C.C',32406414,'RAQUEL RAMIREZ','4133184',NULL,'FREEGEN PREPACK ',NULL),
('C.C',32411082,'DOLY RENDON','5837570',NULL,'FREEGEN PREPACK ',NULL),
('C.C',32412775,'VICTORIA RAMIREZ','3215440',NULL,'FREEGEN PREPACK ',NULL),
('C.C',32422457,'MARIA VICTORIA REVELO','4927523',NULL,'FREEGEN PREPACK ',NULL),
('C.C',32422906,'BLANCA QUINTERO','2575151',NULL,'FREEGEN PREPACK ',NULL),
('C.C',32423752,'EDILIA RESTREPO','3110401',NULL,'FREEGEN PREPACK ',NULL),
('C.C',32423801,'AURA ROSA BEDOYA','4760041',NULL,'FREEGEN PREPACK ',NULL),
('C.C',32429491,'ANA DE DIOS GUZMAN','6027221',NULL,'FREEGEN PREPACK ',NULL),
('C.C',32431635,'JUDITH PATIÑO FRANCO','6014565',NULL,'FREEGEN PREPACK ',NULL),
('C.C',32434131,'MARIA EUGENIA VILLA','3137429',NULL,'FREEGEN PREPACK ',NULL),
('C.C',32435988,'ANA RITA ZAPATA','3023296917',NULL,'FREEGEN PREPACK ',NULL),
('C.C',32436771,'EDITH RAMIREZ','4191307',NULL,'FREEGEN PREPACK ',NULL),
('C.C',32441924,'BLANCA OLGA MONTOYA','5585345',NULL,'FREEGEN PREPACK ',NULL),
('C.C',32447635,'LUZ ZAPATA','2504811',NULL,'FREEGEN PREPACK ',NULL),
('C.C',32450259,'MARIA MELBA MEJIA','2652207',NULL,'FREEGEN PREPACK ',NULL),
('C.C',32450474,'MARIA DEL SOCORRO CASTAÑO','2937345',NULL,'FREEGEN PREPACK ',NULL),
('C.C',32452295,'ARA PALACIO','2383101',NULL,'FREEGEN PREPACK ',NULL),
('C.C',32457029,'BELEN RAMIREZ','2271556',NULL,'FREEGEN PREPACK ',NULL),
('C.C',32457832,'LILIAM NARANJO','2696149',NULL,'FREEGEN PREPACK ',NULL),
('C.C',32461886,'MARIA BETANCUR','5270551',NULL,'FREEGEN PREPACK ',NULL),
('C.C',32461984,'GLORIA PATIÑO','2529878',NULL,'FREEGEN PREPACK ',NULL),
('C.C',32472190,'MARIA JARAMILLO','2680522',NULL,'FREEGEN PREPACK ',NULL),
('C.C',32482647,'BLANCA GALLEGO','5989675',NULL,'FREEGEN PREPACK ',NULL)
,('C.C',32487171,'MARIA PIEDAD VELEZ CARDONA','5704371',NULL,'FREEGEN PREPACK ',NULL),
('C.C',32490081,'LUZ MATILDE GUTIEREZ','3321066',NULL,'FREEGEN PREPACK ',NULL),
('C.C',32490877,'MIRIAM PEREZ','2533227',NULL,'FREEGEN PREPACK ',NULL),
('C.C',32491571,'AMPARO GOMEZ','3417704',NULL,'FREEGEN PREPACK ',NULL),
('C.C',32495458,'ALBA LUCIA GIRALDO','2549848',NULL,'FREEGEN PREPACK ',NULL),
('C.C',32497087,'EDILMA PADIERNA','2269240',NULL,'FREEGEN PREPACK ',NULL)
,('C.C',32497302,'MARTHA HERRERA','2134840',NULL,'FREEGEN PREPACK ',NULL),
('C.C',32498837,'BLANCA VILLA','2693724',NULL,'FREEGEN PREPACK ',NULL),
('C.C',32499973,'SILVIA GALLEGO','3741025',NULL,'FREEGEN PREPACK ',NULL),
('C.C',32502474,'FATIMA ARANGO','5828892',NULL,'FREEGEN PREPACK ',NULL),
('C.C',32506271,'MARIA TALERO MEJIA','3160924',NULL,'FREEGEN PREPACK ',NULL),
('C.C',32507662,'MARIA TERESA ALVAREZ','3218692',NULL,'FREEGEN PREPACK ',NULL)
,('C.C',32509346,'ANA MARIA PIEDRAHITA','3116192168',NULL,'FREEGEN PREPACK ',NULL),
('C.C',32509668,'ANGELA PEREZ','2507396',NULL,'FREEGEN PREPACK ',NULL),
('C.C',32509956,'AMPARO LONDOÑO','4960466',NULL,'FREEGEN PREPACK ',NULL)
,('C.C',32510487,'ANA LIGIA LONDOÑO','4720679',NULL,'FREEGEN PREPACK ',NULL),
('C.C',32511500,'BEATRIZ ZEA','6007032',NULL,'FREEGEN PREPACK ',NULL),
('C.C',32511634,'BLANCA LIGIA BOLIVAR GALEANO','5796173',NULL,'FREEGEN PREPACK ',NULL),
('C.C',32514115,'MARIA TAMAYO','4929881',NULL,'FREEGEN PREPACK ',NULL),
('C.C',32524387,'ELCY PATIÑO','2683846',NULL,'FREEGEN PREPACK ',NULL),
('C.C',32526418,'AMPARO AGUDELO CARDONA','3127927862',NULL,'FREEGEN PREPACK ',NULL),
('C.C',32529185,'GABRIELA CANO','2373435',NULL,'FREEGEN PREPACK ',NULL),
('C.C',32531835,'AURA ROSA GIL DE GARCIA','5982832',NULL,'FREEGEN PREPACK ',NULL),
('C.C',32538071,'SRA. NEFRE JARAMILLO','4633462',NULL,'FREEGEN PREPACK ',NULL),
('C.C',32540643,'MARIA PATRICIA JARAMILLO','3005415911',NULL,'FREEGEN PREPACK ',NULL)
,('C.C',32541868,'BEATRIZ CANO','2317062',NULL,'FREEGEN PREPACK ',NULL),
('C.C',32543858,'ANA MARIA ORTIZ','3006563849',NULL,'FREEGEN PREPACK ',NULL),
('C.C',32552386,'CECILIA CARDONA','5061126',NULL,'FREEGEN PREPACK ',NULL),
('C.C',32559865,'CLAUDIA JANETH BUILES AREIZA','3137252505',NULL,'FREEGEN PREPACK ',NULL),
('C.C',33311073,'SILVANA GARCIA SALAS','2981973',NULL,'FREEGEN PREPACK ',NULL),
('C.C',34000633,'CAROLINA MARULANDA','3336743',NULL,'FREEGEN PREPACK ',NULL),
('C.C',34998817,'NEBYS LOPEZ','3225249253',NULL,'FREEGEN PREPACK ',NULL),
('C.C',35893202,'JOHANA CORDOBA','5840012',NULL,'FREEGEN PREPACK ',NULL),
('C.C',36992809,'MARGARITA AYALA','5077107',NULL,'FREEGEN PREPACK ',NULL),
('C.C',39164168,'BERTHA ELENA CASTAÑEDA','2782741',NULL,'FREEGEN PREPACK ',NULL),
('C.C',39164622,'AMPARO SANCHEZ','6142947',NULL,'FREEGEN PREPACK ',NULL),
('C.C',39168330,'LUZ ELENA VELEZ','4163725',NULL,'FREEGEN PREPACK ',NULL),
('C.C',39178067,'ADRIANA ZAPATA','2974213',NULL,'FREEGEN PREPACK ',NULL),
('C.C',39268987,'ELVIA ROSA CONTRERAS CAMPO','2506057',NULL,'FREEGEN PREPACK ',NULL),
('C.C',39283409,'GLADIS MORALEZ','4885602',NULL,'FREEGEN PREPACK ',NULL),
('C.C',39351089,'MARIA ELENA VANEGAS','2892178',NULL,'FREEGEN PREPACK ',NULL),
('C.C',39351420,'ANA ROSA MUNERA','3122281827',NULL,'FREEGEN PREPACK ',NULL),
('C.C',39386199,'ESNEDY MORALES','3173751494',NULL,'FREEGEN PREPACK ',NULL),
('C.C',39406476,'NURY CORDOBA','3512769',NULL,'FREEGEN PREPACK ',NULL)
,('C.C',39430752,'ANA ECHEVERRI','2848148',NULL,'FREEGEN PREPACK ',NULL),
('C.C',39434631,'MARTA OLIVA VASQUEZ','3127298042',NULL,'FREEGEN PREPACK ',NULL),
('C.C',39437642,'BEATRIZ ELENA GARCIA','5881443',NULL,'FREEGEN PREPACK ',NULL),
('C.C',39437855,'ANA PATRICIA LOPEZ','3137905792',NULL,'FREEGEN PREPACK ',NULL),
('C.C',39441341,'GLADYS SOSA','4997081',NULL,'FREEGEN PREPACK ',NULL),
('C.C',40993167,'TANIA NELSON','6047654',NULL,'FREEGEN PREPACK ',NULL),
('C.C',41308289,'CARMEN ROSA CORDOBA','2542306',NULL,'FREEGEN PREPACK ',NULL),
('C.C',41317281,'LUZ ELVIRA RESTREPO','3862172',NULL,'FREEGEN PREPACK ',NULL),
('C.C',42142645,'GLORIA AMPARO GARCIA POSADA','3545613',NULL,'FREEGEN PREPACK ',NULL),
('C.C',42676809,'BLANCA AURORA CARDENAS','3457618',NULL,'FREEGEN PREPACK ',NULL),
('C.C',42677671,'LUCELLY SERNA','4891416',NULL,'FREEGEN PREPACK ',NULL),
('C.C',42678811,'GLORIA ELENA GONZALEZ','6005978',NULL,'FREEGEN PREPACK ',NULL),
('C.C',42683186,'ANA GOMEZ','2740218',NULL,'FREEGEN PREPACK ',NULL),
('C.C',42683494,'ANGELA GRISALES','2694124',NULL,'FREEGEN PREPACK ',NULL),
('C.C',42690993,'MARTA GIRALDO','3103248526',NULL,'FREEGEN PREPACK ',NULL),
('C.C',42692774,'VIBIANA ZAPATA','3148825636',NULL,'FREEGEN PREPACK ',NULL),
('C.C',42694380,'ANA LUZ BETANCUR','3227090',NULL,'FREEGEN PREPACK ',NULL),
('C.C',42700950,'GLORIA MORA','5987583',NULL,'FREEGEN PREPACK ',NULL),
('C.C',42755355,'ALBA LUCIA OROZCO JARAMILLO','3731439',NULL,'FREEGEN PREPACK ',NULL),
('C.C',42759064,'ANGELA POSADA','3729956',NULL,'FREEGEN PREPACK ',NULL),
('C.C',42761403,'PATRICIA ABAD','2652421',NULL,'FREEGEN PREPACK ',NULL),
('C.C',42764187,'ANGELA MARIA ROLDAN','3713050',NULL,'FREEGEN PREPACK ',NULL),
('C.C',42769882,'LUCY ACOSTA','3122439986',NULL,'FREEGEN PREPACK ',NULL),
('C.C',42793676,'ANGELA MARIA CORREA LOPEZ','3738201',NULL,'FREEGEN PREPACK ',NULL),
('C.C',42794573,'LUZ MARINA PARRA','4931317',NULL,'FREEGEN PREPACK ',NULL),
('C.C',42820206,'CLARA LONDOÑO','3218334531',NULL,'FREEGEN PREPACK ',NULL),
('C.C',42866888,'MARIA ESTELA CARDONA','2766681',NULL,'FREEGEN PREPACK ',NULL),
('C.C',42868636,'ANA CECILIA MONTOYA','3024247',NULL,'OLODINA ',NULL),
('C.C',42870557,'MARY LUZ VILLA ANGEL','3008051759',NULL,'FREEGEN PREPACK ',NULL),
('C.C',42875679,'XIOMARA ESTRADA','6123549',NULL,'FREEGEN PREPACK ',NULL),
('C.C',42876192,'DORIS SALAZAR','2657127',NULL,'FREEGEN PREPACK ',NULL),
('C.C',42877580,'MARTHA CECILIA RIVERA','5773032',NULL,'FREEGEN PREPACK ',NULL),
('C.C',42878828,'ALEJANDRA PEREZ','3104626630',NULL,'FREEGEN PREPACK ',NULL),
('C.C',42881778,'ADRIANA URIBE FRANCO','3162961120',NULL,'FREEGEN PREPACK ',NULL),
('C.C',42889781,'ADRIANA PELAEZ','3136151865',NULL,'FREEGEN PREPACK ',NULL),
('C.C',42892024,'ROSA MARIA DUQUE','4488533EX108',NULL,'FREEGEN PREPACK ',NULL),
('C.C',42899759,'CARMEN ELENA RENTERIA','3122125157',NULL,'FREEGEN PREPACK ',NULL),
('C.C',42962959,'PIEDAD EUGENIA MONTOYA','4226788',NULL,'FREEGEN PREPACK ',NULL),
('C.C',42964814,'RITA GALLEGO','5720073',NULL,'FREEGEN PREPACK ',NULL),
('C.C',42965487,'MARTA MONTOYA','5077194',NULL,'FREEGEN PREPACK ',NULL),
('C.C',42969340,'CRUZ ELENA MOJICA','2691585',NULL,'FREEGEN PREPACK ',NULL),
('C.C',42970099,'BEATRIZ MONTOYA','5853368',NULL,'FREEGEN PREPACK ',NULL),
('C.C',42970838,'MIRIAM NARANJO','4988565',NULL,'FREEGEN PREPACK ',NULL),
('C.C',42974025,'ALBA LOPEZ','3127288738',NULL,'FREEGEN PREPACK ',NULL),
('C.C',42976491,'MARIA VICTORIA VILLEGAS','2985426',NULL,'FREEGEN PREPACK ',NULL),
('C.C',42980461,'NASLY ORDOÑEZ','5975780',NULL,'FREEGEN PREPACK ',NULL),
('C.C',42981931,'GLORIA ERRON DURAN','3713246',NULL,'FREEGEN PREPACK ',NULL),
('C.C',42985291,'MARIA ELENA VILLA','5034577',NULL,'FREEGEN PREPACK ',NULL),
('C.C',42992607,'MARIA HELENA ZAPATA','2848339',NULL,'FREEGEN PREPACK ',NULL),
('C.C',42992963,'BETTY RUTH AGUDELO','2910752',NULL,'FREEGEN PREPACK ',NULL),
('C.C',42993473,'MARIA HELENA OSPINA','2162837',NULL,'FREEGEN PREPACK ',NULL),
('C.C',42994486,'NAZARETH ARBELAEZ','5074946',NULL,'FREEGEN PREPACK ',NULL),
('C.C',42994693,'ALBA LUCIA CARVAJAL','2390330',NULL,'FREEGEN PREPACK ',NULL),
('C.C',42995369,'MARIA EUGENIA PENAGOS','2221624',NULL,'FREEGEN PREPACK ',NULL),
('C.C',42996184,'AURA LUZ GARCIA','3104072175',NULL,'FREEGEN PREPACK ',NULL),
('C.C',42998716,'FANY PEREZ','4774883',NULL,'FREEGEN PREPACK ',NULL),
('C.C',43002706,'FLOR BENITEZ','3155264734',NULL,'FREEGEN PREPACK ',NULL)
,('C.C',43003607,'LUZ MARINA GIRALDO','3111186',NULL,'FREEGEN PREPACK ',NULL),
('C.C',43007381,'ALBA MORENO','3113732899',NULL,'FREEGEN PREPACK ',NULL),
('C.C',43008027,'MARIA ELCY ARIAS','2395815',NULL,'FREEGEN PREPACK ',NULL),
('C.C',43015757,'NORA ELENA ZAPATA','2773511',NULL,'FREEGEN PREPACK ',NULL),
('C.C',43018095,'MARGARITA GAVIRIA','4940485',NULL,'FREEGEN PREPACK ',NULL),
('C.C',43018585,'LUZ ESTELLA CIFUENTES','3003518817',NULL,'FREEGEN PREPACK ',NULL),
('C.C',43023213,'BEATRIZ ELENA ROBLEDO','3113077494',NULL,'FREEGEN PREPACK ',NULL),
('C.C',43024166,'CECILIA SUAREZ RIVERA','3422410',NULL,'FREEGEN PREPACK ',NULL),
('C.C',43025099,'BEATRIZ GIRALDO','3216114268',NULL,'FREEGEN PREPACK ',NULL),
('C.C',43027553,'FANNY OSORIO','4385852',NULL,'FREEGEN PREPACK ',NULL)
,('C.C',43028060,'LUZ MARINA SUAREZ','5842774',NULL,'FREEGEN PREPACK ',NULL),
('C.C',43028797,'LIDIA VILLEGAS','4745265',NULL,'FREEGEN PREPACK ',NULL),
('C.C',43038491,'LUZ ELENA HENAO','3146467320',NULL,'FREEGEN PREPACK ',NULL),
('C.C',43041499,'ANA LUCIA ARISTIZABAL VELEZ','2995903',NULL,'FREEGEN PREPACK ',NULL),
('C.C',43045321,'AMPARO CASTRO','3474447',NULL,'FREEGEN PREPACK ',NULL),
('C.C',43046449,'ALICIA JARAMILLO JARAMILLO','3286841',NULL,'FREEGEN PREPACK ',NULL),
('C.C',43048357,'MARTA BUITRAGO','5821675',NULL,'FREEGEN PREPACK ',NULL),
('C.C',43054054,'YOLANDA HENAO','3104121184',NULL,'FREEGEN PREPACK ',NULL),
('C.C',43063202,'TERESITA BEDOYA','2322811',NULL,'FREEGEN PREPACK ',NULL),
('C.C',43066706,'JOHANNA PINEDA','4454167',NULL,'FREEGEN PREPACK ',NULL),
('C.C',43067495,'BEATRIZ SANCHEZ','4447986EXT101',NULL,'FREEGEN PREPACK ',NULL),
('C.C',43068469,'MARIA OFELIA GARCIA','2576246',NULL,'FREEGEN PREPACK ',NULL),
('C.C',43069653,'CECILIA ZAPATA','2260260',NULL,'FREEGEN PREPACK ',NULL)
,('C.C',43074318,'GLORIA RUIZ','3233618993',NULL,'FREEGEN PREPACK ',NULL),
('C.C',43079554,'BEATRIZ SOTO','5217131',NULL,'FREEGEN PREPACK ',NULL),
('C.C',43096264,'ADRIANA MARIA CORREA MORALES','5038778',NULL,'FREEGEN PREPACK ',NULL),
('C.C',43107400,'CAROLINA TORO','3113840520',NULL,'FREEGEN PREPACK ',NULL),
('C.C',43109455,'CLAUDIA VELASQUEZ','3015424373',NULL,'FREEGEN PREPACK ',NULL),
('C.C',43118338,'ADRIANA ACEVEDO','2983018',NULL,'FREEGEN PREPACK ',NULL),
('C.C',43152419,'NATALIA JARAMILLO','4644578',NULL,'FREEGEN PREPACK ',NULL),
('C.C',43169127,'CATALINA UPEGUI','4196731',NULL,'FREEGEN PREPACK ',NULL),
('C.C',43169739,'LINA MARCELA GIL','3122041833',NULL,'FREEGEN PREPACK ',NULL),
('C.C',43182243,'BIBIANA CANO','3004908442',NULL,'FREEGEN PREPACK ',NULL),
('C.C',43184753,'ISABEL ESPINOSA VILLA','5058016',NULL,'FREEGEN PREPACK ',NULL),
('C.C',43187675,'LUNEY MAZO','3206867981',NULL,'FREEGEN PREPACK ',NULL),
('C.C',43204003,'MONICA YASMIN ARENAS ESCOBERO','3207877347',NULL,'DORTIM',NULL),
('C.C',43207329,'CATALINA TABARES OCHOA','3054517940',NULL,'FREEGEN PREPACK ',NULL),
('C.C',43220834,'SANDRA MONTOYA','2659465',NULL,'FREEGEN PREPACK ',NULL),
('C.C',43257533,'SANDRA MILENA VALENCIA DUQUE','3137604305',NULL,'FREEGEN PREPACK ',NULL),
('C.C',43269086,'LUZ ELENA VELEZ','4440025',NULL,'FREEGEN PREPACK ',NULL),
('C.C',43279263,'ANGELICA MARIA LOPEZ RAMIREZ','2793347',NULL,'FREEGEN PREPACK ',NULL),
('C.C',43280362,'BLANCA ZULETA','6018954',NULL,'FREEGEN PREPACK ',NULL),
('C.C',43341876,'MARIALEYLA MADRID','3819124',NULL,'FREEGEN PREPACK ',NULL),
('C.C',43346656,'CATALINA DAVID','2508681',NULL,'FREEGEN PREPACK ',NULL),
('C.C',43363856,'MARIA CECILIA GOMEZ','2643552',NULL,'FREEGEN PREPACK ',NULL),
('C.C',43427395,'SILVIA VELEZ','2752566',NULL,'FREEGEN PREPACK ',NULL),
('C.C',43432079,'MARIA NELLY BUSTAMANTE','2793826',NULL,'FREEGEN PREPACK ',NULL),
('C.C',43433245,'ANGELA MARIA HOLGUIN','5978409',NULL,'FREEGEN PREPACK ',NULL),
('C.C',43439766,'BEATRIZ HELENA LOPEZ','6036519',NULL,'FREEGEN PREPACK ',NULL),
('C.C',43445000,'ROSA CARO','5972809',NULL,'FREEGEN PREPACK ',NULL),
('C.C',43446297,'LUZ ADRIANA MORALES','2886109',NULL,'FREEGEN PREPACK ',NULL),
('C.C',43458307,'OFELIA GALLEGO','4877123',NULL,'FREEGEN PREPACK ',NULL)
,('C.C',43471524,'ADRIANA MARIA SALAZAR','4129720',NULL,'FREEGEN PREPACK ',NULL),
('C.C',43483494,'GLADIS AVENDAÑO','6143396',NULL,'FREEGEN PREPACK ',NULL),
('C.C',43503129,'TERESITA GIL ATEHORTUA','3216464503',NULL,'FREEGEN PREPACK ',NULL),
('C.C',43503458,'MARIA HOLGUIN','3183658498',NULL,'FREEGEN PREPACK ',NULL),
('C.C',43504101,'MATILDE RESTREPO','5033017',NULL,'FREEGEN PREPACK ',NULL),
('C.C',43514968,'MARIA MOLINA','2375515',NULL,'FREEGEN PREPACK ',NULL),
('C.C',43520977,'DALILA MARIA CANO','2375202',NULL,'FREEGEN PREPACK ',NULL),
('C.C',43523468,'ANGELA RAMIREZ','5041948',NULL,'FREEGEN PREPACK ',NULL),
('C.C',43530581,'DIANA CATAÑO','2725244',NULL,'FREEGEN PREPACK ',NULL),
('C.C',43538858,'BLANCA ALZATE','2528517',NULL,'FREEGEN PREPACK ',NULL),
('C.C',43542202,'CLARA INES VELASQUEZ JARAMILLO','4123208',NULL,'FREEGEN PREPACK ',NULL),
('C.C',43545947,'YANEDT GONZALEZ','2848945',NULL,'FREEGEN PREPACK ',NULL),
('C.C',43548325,'LUZ FABIOLA RENDON','2850205',NULL,'FREEGEN PREPACK ',NULL),
('C.C',43561610,'MONICA RAVE','2061080',NULL,'FREEGEN PREPACK ',NULL),
('C.C',43566471,'CAROLINA GUERRA','3319020',NULL,'FREEGEN PREPACK ',NULL),
('C.C',43566576,'FLOR MIRYAN SOTO','3216131908',NULL,'FREEGEN PREPACK ',NULL),
('C.C',43570025,'ROSMIRA GIRALDO PEREZ','4220215',NULL,'FREEGEN PREPACK ',NULL),
('C.C',43574797,'DORIS MUÑOZ','5286326',NULL,'FREEGEN PREPACK ',NULL),
('C.C',43587232,'ANDREA ZAPATA','6036269',NULL,'FREEGEN PREPACK ',NULL),
('C.C',43590918,'AYDE CORREA','5835476',NULL,'FREEGEN PREPACK ',NULL),
('C.C',43596892,'GLORIA ESPITIA','5722204',NULL,'FREEGEN PREPACK ',NULL),
('C.C',43597194,'ALBA LUCIA MONTOYA','5784720',NULL,'FREEGEN PREPACK ',NULL),
('C.C',43597282,'ALEJANDRA BEDOYA','2344925',NULL,'FREEGEN PREPACK ',NULL),
('C.C',43609273,'ALCIRA CANO','3547120',NULL,'FREEGEN PREPACK ',NULL),
('C.C',43612727,'ALVA LUCIA QUINTERO','5810689',NULL,'FREEGEN PREPACK ',NULL),
('C.C',43613375,'ALBA PADIERNA','5863995',NULL,'FREEGEN PREPACK ',NULL),
('C.C',43614840,'RAQUEL APONTE','3360931',NULL,'FREEGEN PREPACK ',NULL),
('C.C',43616454,'ANA MILENA ESPINOSA','2380293',NULL,'FREEGEN PREPACK ',NULL),
('C.C',43626291,'CLAUDIA MOSQUERA','3215474086',NULL,'FREEGEN PREPACK ',NULL),
('C.C',43640674,'SENEIDA ARCIA','3187161531',NULL,'FREEGEN PREPACK ',NULL),
('C.C',43643006,'LUZ DARY LOPEZ','4830398',NULL,'FREEGEN PREPACK ',NULL)
,('C.C',43643029,'MARIA SALAZAR','4489620',NULL,'FREEGEN PREPACK ',NULL),
('C.C',43667293,'ANA CRISTINA ARANGO','3163274',NULL,'FREEGEN PREPACK ',NULL),
('C.C',43680634,'PILAR GUTIERREZ','2997381',NULL,'FREEGEN PREPACK ',NULL)
,('C.C',43684003,'SOR MARIA FRANCO SANCHEZ','2791160',NULL,'FREEGEN PREPACK ',NULL),
('C.C',43688365,'MYLADI CARDONA','4480306',NULL,'FREEGEN PREPACK ',NULL),
('C.C',43722009,'GILMA MONTOYA','5086848',NULL,'FREEGEN PREPACK ',NULL),
('C.C',43729860,'ANGELA MARIA RUIZ','5057341',NULL,'FREEGEN PREPACK ',NULL),
('C.C',43729868,'DAMARIS GIRALDO','3164496048',NULL,'FREEGEN PREPACK ',NULL),
('C.C',43732022,'ANA MARIA QUINTERO','4441627',NULL,'FREEGEN PREPACK ',NULL),
('C.C',43745739,'MARCELA FRANCO','3174050158',NULL,'FREEGEN PREPACK ',NULL),
('C.C',43749523,'GLORIA VELEZ','3122442295',NULL,'FREEGEN PREPACK ',NULL),
('C.C',43760757,'MARIA ORLINDA BERRIO','3136840134',NULL,'FREEGEN PREPACK ',NULL),
('C.C',43764141,'BLANCA NELLY GONZALES','2564213',NULL,'FREEGEN PREPACK ',NULL),
('C.C',43802913,'DUBERLENY LOPERA','6136550',NULL,'FREEGEN PREPACK ',NULL),
('C.C',43808957,'CLAUDIA SALDARRIAGA','2529791',NULL,'FREEGEN PREPACK ',NULL),
('C.C',43820261,'SRA. QUENIA ALZATE','2394187',NULL,'FREEGEN PREPACK ',NULL),
('C.C',43828442,'LILIANA RIOS','5067817',NULL,'FREEGEN PREPACK ',NULL),
('C.C',43862928,'CAROLINA OSORIO','3015229521',NULL,'FREEGEN PREPACK ',NULL),
('C.C',43870105,'CAROLINA GONZALEZ','3147714099',NULL,'FREEGEN PREPACK ',NULL),
('C.C',43873292,'NATALIA GIRALDO','6043440',NULL,'FREEGEN PREPACK ',NULL),
('C.C',43877209,'ANGELA PIEDAD MEDINA','2089089',NULL,'FREEGEN PREPACK ',NULL),
('C.C',43877746,'ADRIANA TORREZ','3533654',NULL,'FREEGEN PREPACK ',NULL),
('C.C',43878819,'LINA MARCELA HURTADO URAN','3207229606',NULL,'FREEGEN PREPACK ',NULL),
('C.C',43910016,'ANDREA CORTES CASTAÑEDA','5841450',NULL,'FREEGEN PREPACK ',NULL),
('C.C',43911318,'LUZ MERY DURANGO','5827135',NULL,'FREEGEN PREPACK ',NULL),
('C.C',43916972,'KARINA GALINDO','3473545',NULL,'FREEGEN PREPACK ',NULL),
('C.C',43922285,'CATALINA CARDONA','2605080',NULL,'FREEGEN PREPACK ',NULL),
('C.C',43923655,'SANDRA MILENA MADRID GOMEZ','3173779431',NULL,'FREEGEN PREPACK ',NULL),
('C.C',43924198,'MARICELA MEJIA','5215752',NULL,'FREEGEN PREPACK ',NULL)
,('C.C',43977615,'ANGELA VALENCIA','5078976',NULL,'FREEGEN PREPACK ',NULL),
('C.C',43978476,'SANDRA PATRICIA CHAVEZ','3017566121',NULL,'FREEGEN PREPACK ',NULL),
('C.C',43978564,'ANGELA GOMEZ','3173019839',NULL,'FREEGEN PREPACK ',NULL),
('C.C',43980020,'NANCY GARCIA','4275041',NULL,'FREEGEN PREPACK ',NULL),
('C.C',43984964,'ALEJANDRA RENDON','3106676890',NULL,'FREEGEN PREPACK ',NULL),
('C.C',44007499,'BIBIANA  ANDREA SANTANA','3500060EX5104',NULL,'FREEGEN PREPACK ',NULL),
('C.C',46354659,'MARIA ELENA FUQUEN FUQUEN','3110673',NULL,'FREEGEN PREPACK ',NULL)
,('C.C',46642577,'MARIA EUGENIA PEREZ','3188791450',NULL,'FREEGEN PREPACK ',NULL),
('C.C',49796216,'KATHERINE CONEO','3023764272',NULL,'FREEGEN PREPACK ',NULL),
('C.C',50899575,'SANDRA NAVARRO','5865206',NULL,'FREEGEN PREPACK ',NULL)
,('C.C',51590552,'ASTRID PORREAL','3128513680',NULL,'FREEGEN PREPACK ',NULL),
('C.C',52180869,'LEONOR BOTERO PARRA','3178018628',NULL,'FREEGEN PREPACK ',NULL),
('C.C',53054053,'ADRIANA VELOZA','3133508369',NULL,'FREEGEN PREPACK ',NULL),
('C.C',54252366,'YULIZA RODRIGUEZ','3156873594',NULL,'FREEGEN PREPACK ',NULL),
('C.C',64580437,'ANA MARTINEZ','6006858',NULL,'FREEGEN PREPACK ',NULL),
('C.C',65701647,'NURY VASQUEZ','4489036 ext 3',NULL,'FREEGEN PREPACK ',NULL),
('C.C',66904213,'BEATRIZ VARGAS','3266600',NULL,'FREEGEN PREPACK ',NULL),
('C.C',70037130,'JESUS ARGEMIRO GUZMAN','4641343',NULL,'FREEGEN PREPACK ',NULL),
('C.C',70052274,'VICTOR RIOS','5811279',NULL,'FREEGEN PREPACK ',NULL),
('C.C',70053072,'JAIME IGNACIO ORTIZ','2774421 EXT 0',NULL,'FREEGEN PREPACK ',NULL),
('C.C',70056553,'ALBERTO NARANJO','5583304',NULL,'FREEGEN PREPACK ',NULL),
('C.C',70067774,'MARIA CASTRO','4261423',NULL,'FREEGEN PREPACK ',NULL),
('C.C',70093820,'PEDRO PINEDA','3116428353',NULL,'FREEGEN PREPACK ',NULL),
('C.C',70095082,'LUIS ARNULFO GUTIERREZ','2363641',NULL,'FREEGEN PREPACK ',NULL),
('C.C',70113104,'ELKIN DE JESUS ZULUAGA','3456123',NULL,'FREEGEN PREPACK ',NULL),
('C.C',70119125,'CARLOS CASTRILLON','3505000-EXT1119',NULL,'FREEGEN PREPACK ',NULL)
,('C.C',70122723,'MARTIN TOBON ROLDAN','3514448',NULL,'FREEGEN PREPACK ',NULL),
('C.C',70126003,'JORGE GIRALDO TOBON','2172853',NULL,'FREEGEN PREPACK ',NULL),
('C.C',70135134,'LIBARDO DE JESUS JIMENEZ','4835011',NULL,'FREEGEN PREPACK ',NULL),
('C.C',70280311,'JORGE VASQUEZ MONTOYA','3205475088',NULL,'FREEGEN PREPACK ',NULL),
('C.C',70322988,'JOSE IGNACIO SIERRA','2062514',NULL,'FREEGEN PREPACK ',NULL),
('C.C',70502900,'JHON JAIRO HIGUITA','3194353867',NULL,'FREEGEN PREPACK ',NULL),
('C.C',70503296,'LUIS GUILLERMO HINCAPIE','3512931',NULL,'FREEGEN PREPACK ',NULL)
,('C.C',70515098,'JORGE ARIAS VANEGAS','3094700',NULL,'FREEGEN PREPACK ',NULL),
('C.C',70551729,'FROILAN VASQUEZ','3415903',NULL,'FREEGEN PREPACK ',NULL),
('C.C',70578002,'FABIAN DE JESUS MARIN RAMIREZ','4648079',NULL,'FREEGEN PREPACK ',NULL),
('C.C',70601184,'NOLBERTO MORENO','3186184273',NULL,'FREEGEN PREPACK ',NULL),
('C.C',70631225,'LUIS FERNANDO LOPERA','2988397',NULL,'FREEGEN PREPACK ',NULL),
('C.C',70786790,'YILMAR DE JESUS HURTADO','3206248011',NULL,'FREEGEN PREPACK ',NULL),
('C.C',70811682,'ARLEY DE JESUS VELEZ','2707519',NULL,'FREEGEN PREPACK ',NULL)
,('C.C',70852022,'LUIS OVIDIO OCAMPO','6065713',NULL,'FREEGEN PREPACK ',NULL),
('C.C',70925569,'ALBEIRO CANO','3103957657',NULL,'FREEGEN PREPACK ',NULL),
('C.C',70952424,'HECTOR IVAN OSORIO','5811807',NULL,'FREEGEN PREPACK ',NULL),
('C.C',71188364,'DANIEL BLANDON','30065333433',NULL,'FREEGEN PREPACK ',NULL),
('C.C',71217504,'JUAN CAMILO VELASQUEZ','3008771388',NULL,'FREEGEN PREPACK ',NULL),
('C.C',71270272,'EDISON FRANCO','5814765',NULL,'FREEGEN PREPACK ',NULL),
('C.C',71270279,'DAIRO CEBALLOS','3024055322',NULL,'FREEGEN PREPACK ',NULL),
('C.C',71290783,'EDISON AGUIRRE','3718891',NULL,'FREEGEN PREPACK ',NULL),
('C.C',71293323,'MAURICIO HERNANDEZ','2948191',NULL,'FREEGEN PREPACK ',NULL),
('C.C',71330138,'EDUARDO PINO','3102439218',NULL,'FREEGEN PREPACK ',NULL),
('C.C',71368878,'ALEXANDER VIVAS','2368274',NULL,'FREEGEN PREPACK ',NULL),
('C.C',71391509,'JHON CASTAÑEDA','6654800',NULL,'FREEGEN PREPACK ',NULL),
('C.C',71589892,'ALBERTO RENDON','3105254148',NULL,'FREEGEN PREPACK ',NULL),
('C.C',71596128,'JESID LOZANO','3164251845',NULL,'FREEGEN PREPACK ',NULL),
('C.C',71599893,'TULIO QUINTERO','4173086',NULL,'FREEGEN PREPACK ',NULL),
('C.C',71600474,'VICTOR DANIEL MUÑOZ','3004466582',NULL,'FREEGEN PREPACK ',NULL),
('C.C',71604599,'FERNANDO VILLA','4485710',NULL,'FREEGEN PREPACK ',NULL),
('C.C',71643405,'FERNANDO MOSCOSO','3417555',NULL,'FREEGEN PREPACK ',NULL),
('C.C',71655012,'LUIS ALFONSO HERRERA','2174036',NULL,'FREEGEN PREPACK ',NULL),
('C.C',71662360,'NELSON PELAEZ','4128947',NULL,'FREEGEN PREPACK ',NULL),
('C.C',71680628,'ALBEIRO LOPEZ DE LOS RIOS','5274187',NULL,'FREEGEN PREPACK ',NULL),
('C.C',71698505,'JUAN CARLOS ARAQUE','4270860',NULL,'FREEGEN PREPACK ',NULL),
('C.C',71710908,'OMAR DE JESUS HIGUITA-Omaira esposa ','5217208',NULL,'FREEGEN PREPACK ',NULL),
('C.C',71716740,'VICTOR MORALES','3113600456',NULL,'FREEGEN PREPACK ',NULL),
('C.C',71740966,'HECTOR ALONSO ARBELAEZ','3136575792',NULL,'FREEGEN PREPACK ',NULL),
('C.C',71765063,'JUAN FERNANDO NARANJO','3014309830',NULL,'FREEGEN PREPACK ',NULL),
('C.C',71769541,'IVAN ARCE','3874560',NULL,'FREEGEN PREPACK ',NULL),
('C.C',71790485,'CARLOS CASTRILLON','3012552626',NULL,'FREEGEN PREPACK ',NULL),
('C.C',71791273,'BERNARDO HENAO','4875357',NULL,'FREEGEN PREPACK ',NULL),
('C.C',71797401,'ALEJANDRO ORTA GAVIRIA','4442335',NULL,'FREEGEN PREPACK ',NULL),
('C.C',71875331,'LEOPOLDO FERNANDO DELGADO','3106723802',NULL,'FREEGEN PREPACK ',NULL),
('C.C',71876362,'JAIRO DE JESUS PIEDRAHITA','3520230',NULL,'FREEGEN PREPACK ',NULL),
('C.C',75067352,'BRAULIO BETANCURT','3122591718',NULL,'FREEGEN PREPACK ',NULL),
('C.C',79363698,'ALEJANDRO JIMENEZ','3538726',NULL,'FREEGEN PREPACK ',NULL),
('C.C',80209593,'IVAN DARIO RINCON RAMIREZ','3122043111',NULL,'FREEGEN PREPACK ',NULL),
('C.C',94064531,'JAIR SALAZAR','5787735',NULL,'FREEGEN PREPACK ',NULL),
('C.C',98086676,'LUIS FERNANDO SEPULVEDA','3502388676',NULL,'FREEGEN PREPACK ',NULL),
('C.C',98514432,'MAURICIO CORREA','3430181',NULL,'FREEGEN PREPACK ',NULL),
('C.C',98528754,'JUAN RUA','3104040291',NULL,'FREEGEN PREPACK ',NULL),
('C.C',98530172,'JOSE OROZCO','4488614',NULL,'FREEGEN PREPACK ',NULL),
('C.C',98549729,'ALEJANDRO FLOREZ','4482548',NULL,'FREEGEN PREPACK ',NULL),
('C.C',98582009,'ARLEY VALLEJO ','2548094',NULL,'FREEGEN PREPACK ',NULL),
('C.C',98664964,'ROBINSON IBARRA','5775202',NULL,'FREEGEN PREPACK ',NULL),
('C.C',98708606,'JONY GAVIRIA','3146376971',NULL,'FREEGEN PREPACK ',NULL),
('C.C',100083109,'VIVIANA ATEHORTUA VARGAS','4416425',NULL,'FREEGEN PREPACK ',NULL),
('C.C',432048089,'GLORIA RUIZ','3225986066',NULL,'FREEGEN PREPACK ',NULL),
('C.C',1000290969,'JULIANA LOPEZ','3005625140',NULL,'FREEGEN PREPACK ',NULL),
('C.C',1000564229,'LUISA MARIA PRECIADO','6126635',NULL,'FREEGEN PREPACK ',NULL),
('C.C',1000660599,'KATERIN JOHANA MARTINEZ','5072189',NULL,'FREEGEN PREPACK ',NULL),
('C.C',1001517436,'CAMILA GAVIRIA ARBOLEDA','3013921721',NULL,'FREEGEN PREPACK ',NULL),
('C.C',1007242188,'EDGAR ALBERTO GRANADOS GARCÍA','3146365753',NULL,'FREEGEN PREPACK ',NULL),
('C.C',1017127850,'MARCELA CASTAÑO','3116060230',NULL,'FREEGEN PREPACK ',NULL),
('C.C',1017132219,'NATALIA MANCO','6008446',NULL,'FREEGEN PREPACK ',NULL),
('C.C',1017135857,'ALEJANDRA RESTREPO','3203165351',NULL,'FREEGEN PREPACK ',NULL),
('C.C',1017136135,'RUBY ALEXANDRA CAICEDO SOSSA','5091632',NULL,'FREEGEN PREPACK ',NULL),
('C.C',1017141519,'MYLADY JOHANA HERNANDEZ','318 2283626',NULL,'FREEGEN PREPACK ',NULL),
('C.C',1017149641,'ANA GIRALDO','3207212478',NULL,'FREEGEN PREPACK ',NULL),
('C.C',1017151757,'ANDRES GARCIA','5813311',NULL,'FREEGEN PREPACK ',NULL),
('C.C',1017157374,'JESSICA MUÑOZ','3137135809',NULL,'FREEGEN PREPACK ',NULL),
('C.C',1017181025,'MARIA GOMEZ','3128262412',NULL,'FREEGEN PREPACK ',NULL),
('C.C',1017182121,'LAURA FERNANDEZ','3105003195',NULL,'FREEGEN PREPACK ',NULL),
('C.C',1017210401,'ESTEFANIA ORREGO','3727067',NULL,'FREEGEN PREPACK ',NULL),
('C.C',1017211214,'SOFIA VILLA','3147206102',NULL,'FREEGEN PREPACK ',NULL),
('C.C',1017213491,'MARCELA MENESES','6066033',NULL,'FREEGEN PREPACK ',NULL),
('C.C',1017241243,'DANIELA GONZALES','2848945',NULL,'FREEGEN PREPACK ',NULL),
('C.C',1017257440,'SEBASTIAN FLOREZ','3007866882',NULL,'FREEGEN PREPACK ',NULL),
('C.C',1017264555,'ALEJANDRO AGUDELO','3192146766',NULL,'FREEGEN PREPACK ',NULL),
('C.C',1017938632,'ANGELA MARIA DURANGO','5896339',NULL,'FREEGEN PREPACK ',NULL),
('C.C',1020402689,'LEONARDO SAYA','3045442282',NULL,'FREEGEN PREPACK ',NULL),
('C.C',1020405663,'LILIANA MARIA RAMIREZ','5110186',NULL,'FREEGEN PREPACK ',NULL),
('C.C',1020463266,'ALEJANDRA CORREA','3137418285',NULL,'FREEGEN PREPACK ',NULL)
,('C.C',1020481815,'VIVIANA MUNERA','3148541948',NULL,'FREEGEN PREPACK ',NULL),
('C.C',1021804292,'SARA ISAZA  AGUDELO ','3806612',NULL,'FREEGEN PREPACK ',NULL),
('C.C',1025887633,'MARIANA RODRIGUEZ','4210418',NULL,'FREEGEN PREPACK ',NULL),
('C.C',1026130450,'JORGE ANDRES RENDON','5079393',NULL,'FREEGEN PREPACK ',NULL),
('C.C',1027152045,'MANUELA OCAMPO','3153776660',NULL,'FREEGEN PREPACK ',NULL),
('C.C',1027888839,'SEBASTIAN ALVAREZ','3606381',NULL,'FREEGEN PREPACK ',NULL),
('C.C',1027951376,'LUVIAN ARANGO','301697044',NULL,'FREEGEN PREPACK ',NULL),
('C.C',1032439267,'MARIA ISABEL HERRERA','3107852174',NULL,'FREEGEN PREPACK ',NULL),
('C.C',1033133057,'ANA MARIA CARPIO','3186875864',NULL,'FREEGEN PREPACK ',NULL),
('C.C',1034999380,'MAXIMILIANO ECHEVERRY','2944446',NULL,'FREEGEN PREPACK ',NULL),
('C.C',1035831161,'JORGE LUIS TOBON PEREZ','2341319',NULL,'FREEGEN PREPACK ',NULL),
('C.C',1035859171,'VIVIANA GALLEGO','3017142621',NULL,'FREEGEN PREPACK ',NULL),
('C.C',1035859355,'DANNY JIMENEZ','4012037',NULL,'FREEGEN PREPACK ',NULL),
('C.C',1035914560,'JUAN DIEGO MONTOYA','4118015',NULL,'FREEGEN PREPACK ',NULL),
('C.C',1036453933,'ALEJANDRO QUINTERO','2975874',NULL,'FREEGEN PREPACK ',NULL),
('C.C',1036600776,'LUCIA AGUDELO','3017345261',NULL,'FREEGEN PREPACK ',NULL),
('C.C',1036601398,'ISIS ZAPATA','3012674988',NULL,'FREEGEN PREPACK ',NULL),
('C.C',1036605511,'ADRIANA GIRALDO','2436485',NULL,'FREEGEN PREPACK ',NULL),
('C.C',1036607701,'VANESA HENAO','5846069',NULL,'FREEGEN PREPACK ',NULL),
('C.C',1036609316,'SRA. ALEXIS CARMONA','2812018',NULL,'FREEGEN PREPACK ',NULL),
('C.C',1036615914,'NATALIA VASQUEZ','3122486316',NULL,'FREEGEN PREPACK ',NULL),
('C.C',1036641851,'LAURA BARRERA','3146960001',NULL,'FREEGEN PREPACK ',NULL),
('C.C',1036644165,'YEISON GONZALES','3217208069',NULL,'FREEGEN PREPACK ',NULL),
('C.C',1036650060,'MARIA  ALEJANDRA HINCAPIE','6028340',NULL,'FREEGEN PREPACK ',NULL),
('C.C',1036657559,'JUAN CARLOS ZAPATA','3003514668',NULL,'FREEGEN PREPACK ',NULL),
('C.C',1036662174,'LEIDY TATIANA GUARIN','2648722',NULL,'FREEGEN PREPACK ',NULL),
('C.C',1036674185,'VANESSA GALLEGO MONTOYA','2818281',NULL,'FREEGEN PREPACK ',NULL),
('C.C',1037369531,'MARICELA HENAO','3103741134',NULL,'FREEGEN PREPACK ',NULL),
('C.C',1037544271,'SANDRA MILENA VASQUEZ','3106044255',NULL,'FREEGEN PREPACK ',NULL),
('C.C',1037571193,'ANDRES JOHANY AGUIRRE','6020929',NULL,'FREEGEN PREPACK ',NULL),
('C.C',1037611977,'LICED CATHERINE LOPEZ MUÑOZ','2608833',NULL,'FREEGEN PREPACK ',NULL),
('C.C',1037617322,'NATALIA GUERRERO','3024054',NULL,'FREEGEN PREPACK ',NULL),
('C.C',1037634378,'VALENTINA GUERRA','2772896',NULL,'FREEGEN PREPACK ',NULL),
('C.C',1037634433,'MARIA ADELAIDA LOPEZ GONZALES','2683416',NULL,'FREEGEN PREPACK ',NULL),
('C.C',1037642385,'ALEJANDRO BUSTAMANTE LONDOÑO','3108329855',NULL,'FREEGEN PREPACK ',NULL),
('C.C',1037648927,'MARCELA GALEANO','2760488',NULL,'FREEGEN PREPACK ',NULL),
('C.C',1037666018,'MANUELA GIRALDO','3122025761',NULL,'FREEGEN PREPACK ',NULL),
('C.C',1037886315,'WILLIAM ANDRES ALZATE GIRALDO','3106147611',NULL,'FREEGEN PREPACK ',NULL),
('C.C',1039387325,'JAISON ANDRES CORREA GIRALDO','3218375540',NULL,'OLODINA ',NULL),
('C.C',1039400215,'JAIME ANDRES PANIAGUA','3012850154',NULL,'FREEGEN PREPACK ',NULL),
('C.C',1039446472,'ANA MARIA GARCIA','3017438058',NULL,'FREEGEN PREPACK ',NULL),
('C.C',1039456873,'ANDREA VELEZ','3015215959',NULL,'FREEGEN PREPACK ',NULL),
('C.C',1039475007,'CAMILO OSA BUILES','2979202',NULL,'FREEGEN PREPACK ',NULL),
('C.C',1039475196,'VALENTINA MARIN','2718963',NULL,'FREEGEN PREPACK ',NULL),
('C.C',1040505774,'DINA LUZ DE LA ROSA ENAMORADO','4875507',NULL,'FREEGEN PREPACK ',NULL),
('C.C',1040735061,'ALEJANDRA ARANGO','3600030-ETX2165',NULL,'FREEGEN PREPACK ',NULL),
('C.C',1040740124,'DANIEL BUITRAGO','2661866',NULL,'FREEGEN PREPACK ',NULL),
('C.C',1040746157,'KATHERINE MEJIA','3014761100',NULL,'FREEGEN PREPACK ',NULL),
('C.C',1044505499,'ANGELA PRECIADO','4964066',NULL,'FREEGEN PREPACK ',NULL),
('C.C',1045046968,'ANA MARIA MORALES','3555100 EXT5244',NULL,'FREEGEN PREPACK ',NULL),
('C.C',1045048608,'FAVER OCAMPO','3207427365',NULL,'FREEGEN PREPACK ',NULL),
('C.C',1053820394,'ANA MARIA JIMENEZ','3178448180',NULL,'FREEGEN PREPACK ',NULL),
('C.C',1058842777,'CLAUDIA HERNANDEZ','3215942779',NULL,'FREEGEN PREPACK ',NULL),
('C.C',1066510473,'ORLEY MARIA PASTRANA','3128425933',NULL,'FREEGEN PREPACK ',NULL),
('C.C',1079358230,'NEILA ORDOÑEZ URRUTIA','3188188334',NULL,'FREEGEN PREPACK ',NULL),
('C.C',1110553817,'NATALIA GONZALEZ PARRA','3233649210',NULL,'FREEGEN PREPACK ',NULL),
('C.C',1111738502,'FRANCISCO JAVIER POSADA ARIAS','3104646157',NULL,'FREEGEN PREPACK ',NULL),
('C.C',1127231210,'ANDRES ZAPATA','3146450343',NULL,'FREEGEN PREPACK ',NULL),
('C.C',1128051162,'YULIET YEPEZ','3002670644',NULL,'FREEGEN PREPACK ',NULL),
('C.C',1128271864,'LEIDY PEREZ','3017349305',NULL,'FREEGEN PREPACK ',NULL),
('C.C',1128405569,'LEIDY ZULUAGA','3108545630',NULL,'FREEGEN PREPACK ',NULL),
('C.C',1128414863,'DANY ALEJANDRO SILVA SÁNCHEZ','3184194756',NULL,'FREEGEN PREPACK ',NULL),
('C.C',1128415752,'ALEJANDRA ALVAREZ','4513359',NULL,'FREEGEN PREPACK ',NULL),
('C.C',1128418791,'ANA MILENA GUTIERREZ','2355260',NULL,'FREEGEN PREPACK ',NULL),
('C.C',1128421618,'ANA MARIA ZAPATA','4461573',NULL,'FREEGEN PREPACK ',NULL),
('C.C',1128427482,'ANGELICA PANYAGUA','3006122445',NULL,'FREEGEN PREPACK ',NULL),
('C.C',1128441925,'ANI ESPINOSA','5845830',NULL,'FREEGEN PREPACK ',NULL),
('C.C',1128445175,'ASTRID PEREZ','3013383577',NULL,'FREEGEN PREPACK ',NULL),
('C.C',1128450009,'CAROLINA YEPES','2994555',NULL,'FREEGEN PREPACK ',NULL),
('C.C',1128462713,'LAURA SALAZAR RODRIGUEZ','3222590841',NULL,'FREEGEN PREPACK ',NULL),
('C.C',1128464323,'JUAN PABLO SALAZAR','2309069',NULL,'FREEGEN PREPACK ',NULL),
('C.C',1152195991,'SANTIAGO HINCAPIE','3206133326',NULL,'FREEGEN PREPACK ',NULL),
('C.C',1152199284,'ANDREA ARANGO','3054581497',NULL,'FREEGEN PREPACK ',NULL),
('C.C',1152220132,'SARA ARBELAEZ','4366671',NULL,'FREEGEN PREPACK ',NULL),
('C.C',1152224924,'VALENTINA VERA ACEVEDO','2342765',NULL,'FREEGEN PREPACK ',NULL),
('C.C',1152437852,'SIMON HOYOS MESA','3502396661',NULL,'FREEGEN PREPACK ',NULL),
('C.C',1152447465,'DANIEL ECHAVARRIA','3136043311',NULL,'FREEGEN PREPACK ',NULL)
,('C.C',1152472340,'CAROLINA BEDOYA','4161998',NULL,'FREEGEN PREPACK ',NULL),
('C.C',1214721485,'ALEJANDRA GONZALEZ','4373584',NULL,'FREEGEN PREPACK ',NULL),
('C.C',1214723417,'LILIANA ESPINOSA QUINTERO','4910967',NULL,'FREEGEN PREPACK ',NULL),
('C.C',1216720884,'HERLINSON CASTAÑO','4274947',NULL,'FREEGEN PREPACK ',NULL);

-- mililitters mililitros
CREATE TABLE Products (
  name varchar(50) NOT NULL,
  price double NOT NULL,
  mililitters float DEFAULT NULL,
  PRIMARY KEY (name)
);

INSERT INTO `Products` (`name`, `price`, `mililitters`) VALUES 
  ('FREEGEN PREPACK', '38900', NULL), ('DORTIM', '84800', NULL), 
  ('FREEGEN GEL', '45600', NULL), ('HIALTEARS PREPACK', '41600', NULL),
  ('KENALER', '75600', NULL), ('KENALER-R', '74200', NULL), 
  ('OLODINA', '78900', NULL);

CREATE TABLE Sales (
  saleID int NOT NULL AUTO_INCREMENT,
  code varchar(20) DEFAULT NULL,
  idType char(5) DEFAULT NULL,
  id varchar(20) DEFAULT NULL,
  saleDate date NOT NULL,
  saleValue double NOT NULL,
  quantity int NOT NULL,
  PRIMARY KEY (saleID),
  FOREIGN KEY (code) REFERENCES Companies (code),
  FOREIGN KEY (idType, id) REFERENCES Patients (idType, id)
);

CREATE TABLE Calls (
  callID int NOT NULL AUTO_INCREMENT,
  code varchar(20) DEFAULT NULL,
  idType char(5) DEFAULT NULL,
  id varchar(20) DEFAULT NULL,
  status char(15) NOT NULL,
  callDate date DEFAULT NULL,
  callHour time DEFAULT NULL,
  comment varchar(250) DEFAULT NULL,
  PRIMARY KEY (callID),
  FOREIGN KEY (code) REFERENCES Companies (code),
  FOREIGN KEY (idType, id) REFERENCES Patients (idType, id)
);

INSERT INTO Calls VALUES
(1, NULL, 'C.C', '21852024', 'Realizada', '2018-12-17', NULL, 'No contestaron.'),
(NULL, NULL, 'C.C', '43096264', 'Realizada', '2018-12-17', NULL, 'Ya terminó tratamiento.'),
(NULL, NULL, 'C.C', '32318641', 'Realizada', '2018-12-17', NULL, 'No se encuentra, se deja la razón');

CREATE TABLE Users (
  id INT NOT NULL AUTO_INCREMENT PRIMARY KEY,
  userName varchar(20) NOT NULL,
  password varchar(20) NOT NULL
);

INSERT INTO Users VALUES
(1, "jmyoungh", "1234");